{"cameraMode":{"drawMode":0,"name":"Shaded","section":"Shading Mode"},"sceneLighting":true,"audioPlay":false,"sceneViewState":{"m_AlwaysRefresh":false,"showFog":true,"showSkybox":true,"showFlares":true,"showImageEffects":true,"showParticleSystems":true,"showVisualEffectGraphs":true,"m_FxEnabled":true},"in2DMode":false,"pivot":{"x":-4.712095737457275,"y":-5.145578384399414,"z":4.8751068115234379},"rotation":{"x":-0.38599711656570437,"y":0.010238492861390114,"z":-0.004280854947865009,"w":-0.9224445819854736},"size":17.8242244720459,"orthographic":false}